name,auc_roc,avg_precision,accuracy,precision_1,recall_1,f1_1,support_1
Logistic Regression,0.8613944301099127,0.8169351023243284,0.8615562044512061,0.8633155148073537,0.8675539969713876,0.865429566378858,62735.0
Random Forest,0.8156767329252333,0.7685715297452042,0.8153591964599743,0.8310063463281958,0.8035865147047103,0.8170664505672609,62735.0
